"Name","FullPath","Directory","Extension","Size","LastModified"
"ai-medication-recommendations.ts","D:\EmergencyResponseGuide\client\src\data\ai-medication-recommendations.ts","data",".ts","37288","7/2/2025 10:37:50 PM"
"assessment-tools-enhanced.ts","D:\EmergencyResponseGuide\client\src\data\assessment-tools-enhanced.ts","data",".ts","11769","6/23/2025 7:14:34 PM"
"certification-procedures.ts","D:\EmergencyResponseGuide\client\src\data\certification-procedures.ts","data",".ts","50880","6/21/2025 1:38:35 AM"
"clinical-calculators.ts","D:\EmergencyResponseGuide\client\src\data\clinical-calculators.ts","data",".ts","12241","6/20/2025 10:03:25 PM"
"common-emergency-calls.ts","D:\EmergencyResponseGuide\client\src\data\common-emergency-calls.ts","data",".ts","9598","6/20/2025 9:58:50 PM"
"drug-calculator.ts","D:\EmergencyResponseGuide\client\src\data\drug-calculator.ts","data",".ts","6699","6/20/2025 10:01:34 PM"
"ecg-reference.ts","D:\EmergencyResponseGuide\client\src\data\ecg-reference.ts","data",".ts","4437","6/23/2025 7:14:34 PM"
"emergency-scenarios.ts","D:\EmergencyResponseGuide\client\src\data\emergency-scenarios.ts","data",".ts","17071","6/20/2025 10:25:59 PM"
"ems-protocols.ts","D:\EmergencyResponseGuide\client\src\data\ems-protocols.ts","data",".ts","17559","6/21/2025 1:41:08 AM"
"equipment-checklists.ts","D:\EmergencyResponseGuide\client\src\data\equipment-checklists.ts","data",".ts","12084","6/20/2025 10:02:29 PM"
"flashcards.ts","D:\EmergencyResponseGuide\client\src\data\flashcards.ts","data",".ts","425294","7/2/2025 10:41:53 PM"
"medication-simulations.ts","D:\EmergencyResponseGuide\client\src\data\medication-simulations.ts","data",".ts","141157","7/2/2025 10:21:32 PM"
"medications.ts","D:\EmergencyResponseGuide\client\src\data\medications.ts","data",".ts","11613","6/20/2025 8:26:11 PM"
"ob-gyn-guide.ts","D:\EmergencyResponseGuide\client\src\data\ob-gyn-guide.ts","data",".ts","4918","6/20/2025 10:32:00 PM"
"patient-assessment-guide.ts","D:\EmergencyResponseGuide\client\src\data\patient-assessment-guide.ts","data",".ts","13586","6/20/2025 11:16:36 PM"
"patient-assessment.ts","D:\EmergencyResponseGuide\client\src\data\patient-assessment.ts","data",".ts","8194","6/20/2025 8:55:14 PM"
"patient-medications.ts","D:\EmergencyResponseGuide\client\src\data\patient-medications.ts","data",".ts","13710","6/20/2025 8:29:52 PM"
"pediatric-reference.ts","D:\EmergencyResponseGuide\client\src\data\pediatric-reference.ts","data",".ts","4312","6/20/2025 10:31:11 PM"
"procedures-guide.ts","D:\EmergencyResponseGuide\client\src\data\procedures-guide.ts","data",".ts","6428","6/20/2025 10:30:48 PM"
"protocols.ts","D:\EmergencyResponseGuide\client\src\data\protocols.ts","data",".ts","7675","6/20/2025 3:58:57 PM"
"simulations.ts","D:\EmergencyResponseGuide\client\src\data\simulations.ts","data",".ts","8339","6/20/2025 4:00:25 PM"
"symptom-checklists.ts","D:\EmergencyResponseGuide\client\src\data\symptom-checklists.ts","data",".ts","4937","6/20/2025 9:56:55 PM"
"training-scenarios.ts","D:\EmergencyResponseGuide\client\src\data\training-scenarios.ts","data",".ts","117566","6/24/2025 1:37:36 PM"
"trauma-guide.ts","D:\EmergencyResponseGuide\client\src\data\trauma-guide.ts","data",".ts","3941","6/20/2025 10:31:33 PM"
"vital-signs-reference.ts","D:\EmergencyResponseGuide\client\src\data\vital-signs-reference.ts","data",".ts","12848","6/20/2025 11:06:07 PM"
"vital-signs.ts","D:\EmergencyResponseGuide\client\src\data\vital-signs.ts","data",".ts","3746","6/20/2025 9:47:19 PM"
